name,roll_no,total_marks,subjects_count,percentage,grade
Hira Siddiqui,110,289,3,96.33333333333334,A+
Sara Ahmed,102,278,3,92.66666666666666,A+
Zainab Ali,108,263,3,87.66666666666667,A
Ali Khan,101,255,3,85.0,A
Hamza Iqbal,105,241,3,80.33333333333333,A
Ahmad Raza,109,211,3,70.33333333333334,B
Bilal Khan,103,211,3,70.33333333333334,B
Ayesha Malik,104,209,3,69.66666666666667,C
Fatima Noor,106,174,3,57.99999999999999,D
Usman Tariq,107,146,3,48.66666666666667,F
